,Invoice ID,Branch,City,Customer type,Gender,Product line,Unit price,Quantity,Tax 5%,Total,Date,Time,Payment,cogs,gross margin percentage,gross income,Rating
0,750-67-8428,A,Yangon,Member,Female,Health and beauty,74.69,7,26.1415,548.9715,1/5/2019,13:08,Ewallet,522.83,4.761904762,26.1415,9.1
1,226-31-3081,C,Naypyitaw,Normal,Female,Electronic accessories,15.28,5,3.82,80.22,3/8/2019,10:29,Cash,76.4,4.761904762,3.82,9.6
6,355-53-5943,A,Yangon,Member,Female,Electronic accessories,68.84,6,20.652,433.692,2/25/2019,14:36,Ewallet,413.04,4.761904762,20.652,5.8
7,315-22-5665,C,Naypyitaw,Normal,Female,Home and lifestyle,73.56,10,36.78,772.38,2/24/2019,11:38,Ewallet,735.6,4.761904762,36.78,8.0
8,665-32-9167,A,Yangon,Member,Female,Health and beauty,36.26,2,3.626,76.146,1/10/2019,17:15,Credit card,72.52,4.761904762,3.626,7.2
9,692-92-5582,B,Mandalay,Member,Female,Food and beverages,54.84,3,8.226,172.746,2/20/2019,13:27,Credit card,164.52,4.761904762,8.226,5.9
10,351-62-0822,B,Mandalay,Member,Female,Fashion accessories,14.48,4,2.896,60.816,2/6/2019,18:07,Ewallet,57.92,4.761904762,2.896,4.5
12,365-64-0515,A,Yangon,Normal,Female,Electronic accessories,46.95,5,11.7375,246.4875,2/12/2019,10:25,Ewallet,234.75,4.761904762,11.7375,7.1
14,829-34-3910,A,Yangon,Normal,Female,Health and beauty,71.38,10,35.69,749.49,3/29/2019,19:21,Cash,713.8,4.761904762,35.69,5.7
15,299-46-1805,B,Mandalay,Member,Female,Sports and travel,93.72,6,28.116,590.436,1/15/2019,16:19,Cash,562.32,4.761904762,28.116,4.5
16,656-95-9349,A,Yangon,Member,Female,Health and beauty,68.93,7,24.1255,506.6355,3/11/2019,11:03,Credit card,482.51,4.761904762,24.1255,4.6
19,319-50-3348,B,Mandalay,Normal,Female,Home and lifestyle,40.3,2,4.03,84.63,3/11/2019,15:30,Ewallet,80.6,4.761904762,4.03,4.4
25,227-03-5010,A,Yangon,Member,Female,Home and lifestyle,52.59,8,21.036,441.756,3/22/2019,19:20,Credit card,420.72,4.761904762,21.036,8.5
27,189-17-4241,A,Yangon,Normal,Female,Fashion accessories,87.67,2,8.767,184.107,3/10/2019,12:17,Credit card,175.34,4.761904762,8.767,7.7
28,145-94-9061,B,Mandalay,Normal,Female,Food and beverages,88.36,5,22.09,463.89,1/25/2019,19:48,Cash,441.8,4.761904762,22.09,9.6
34,183-56-6882,C,Naypyitaw,Member,Female,Food and beverages,99.42,4,19.884,417.564,2/6/2019,10:42,Ewallet,397.68,4.761904762,19.884,7.5
35,232-16-2483,C,Naypyitaw,Member,Female,Sports and travel,68.12,1,3.406,71.526,1/7/2019,12:28,Ewallet,68.12,4.761904762,3.406,6.8
37,272-65-1806,A,Yangon,Normal,Female,Electronic accessories,60.88,9,27.396,575.316,1/15/2019,17:17,Ewallet,547.92,4.761904762,27.396,4.7
38,333-73-7901,C,Naypyitaw,Normal,Female,Health and beauty,54.92,8,21.968,461.328,3/23/2019,13:24,Ewallet,439.36,4.761904762,21.968,7.6
40,280-35-5823,B,Mandalay,Member,Female,Home and lifestyle,86.72,1,4.336,91.056,1/17/2019,18:45,Ewallet,86.72,4.761904762,4.336,7.9
42,354-25-5821,B,Mandalay,Member,Female,Sports and travel,69.12,6,20.736,435.456,2/8/2019,13:03,Cash,414.72,4.761904762,20.736,5.6
43,228-96-1411,C,Naypyitaw,Member,Female,Food and beverages,98.7,8,39.48,829.08,3/4/2019,20:39,Cash,789.6,4.761904762,39.48,7.6
45,132-32-9879,B,Mandalay,Member,Female,Electronic accessories,93.96,4,18.792,394.632,3/9/2019,18:00,Cash,375.84,4.761904762,18.792,9.5
47,727-46-3608,B,Mandalay,Member,Female,Food and beverages,20.01,9,9.0045,189.0945,2/6/2019,15:47,Ewallet,180.09,4.761904762,9.0045,4.1
49,574-22-5561,C,Naypyitaw,Member,Female,Fashion accessories,82.63,10,41.315,867.615,3/19/2019,17:08,Ewallet,826.3,4.761904762,41.315,7.9
51,162-48-8011,A,Yangon,Member,Female,Food and beverages,44.59,5,11.1475,234.0975,2/10/2019,15:10,Cash,222.95,4.761904762,11.1475,8.5
52,616-24-2851,B,Mandalay,Member,Female,Fashion accessories,17.87,4,3.574,75.054,3/22/2019,14:42,Ewallet,71.48,4.761904762,3.574,6.5
55,399-46-5918,C,Naypyitaw,Normal,Female,Electronic accessories,85.98,8,34.392,722.232,2/28/2019,19:01,Cash,687.84,4.761904762,34.392,8.2
58,817-48-8732,A,Yangon,Member,Female,Home and lifestyle,72.35,10,36.175,759.675,1/20/2019,15:55,Cash,723.5,4.761904762,36.175,5.4
60,285-68-5083,C,Naypyitaw,Member,Female,Sports and travel,24.74,3,3.711,77.931,2/15/2019,17:47,Credit card,74.22,4.761904762,3.711,10.0
62,347-34-2234,B,Mandalay,Member,Female,Sports and travel,55.07,9,24.7815,520.4115,2/3/2019,13:40,Ewallet,495.63,4.761904762,24.7815,10.0
66,838-78-4295,C,Naypyitaw,Normal,Female,Health and beauty,33.47,2,3.347,70.287,2/10/2019,15:43,Ewallet,66.94,4.761904762,3.347,6.7
67,109-28-2512,B,Mandalay,Member,Female,Fashion accessories,97.61,6,29.283,614.943,1/7/2019,15:01,Ewallet,585.66,4.761904762,29.283,9.9
69,382-03-4532,A,Yangon,Member,Female,Health and beauty,18.33,1,0.9165,19.2465,2/2/2019,18:50,Cash,18.33,4.761904762,0.9165,4.3
72,510-95-6347,B,Mandalay,Member,Female,Food and beverages,48.52,3,7.278,152.838,3/5/2019,18:17,Ewallet,145.56,4.761904762,7.278,4.0
73,841-35-6630,C,Naypyitaw,Normal,Female,Electronic accessories,75.91,6,22.773,478.233,3/9/2019,18:21,Cash,455.46,4.761904762,22.773,8.7
75,732-94-0499,C,Naypyitaw,Normal,Female,Electronic accessories,41.65,10,20.825,437.325,1/13/2019,17:04,Credit card,416.5,4.761904762,20.825,5.4
77,381-20-0914,A,Yangon,Member,Female,Fashion accessories,20.01,9,9.0045,189.0945,1/12/2019,15:48,Credit card,180.09,4.761904762,9.0045,5.7
78,829-49-1914,C,Naypyitaw,Member,Female,Food and beverages,78.31,10,39.155,822.255,3/5/2019,16:24,Ewallet,783.1,4.761904762,39.155,6.6
79,756-01-7507,C,Naypyitaw,Normal,Female,Health and beauty,20.38,5,5.095,106.995,1/22/2019,18:56,Cash,101.9,4.761904762,5.095,6.0
80,870-72-4431,C,Naypyitaw,Normal,Female,Health and beauty,99.19,6,29.757,624.897,1/21/2019,14:42,Credit card,595.14,4.761904762,29.757,5.5
81,847-38-7188,B,Mandalay,Normal,Female,Food and beverages,96.68,3,14.502,304.542,1/26/2019,19:56,Ewallet,290.04,4.761904762,14.502,6.4
83,787-56-0757,C,Naypyitaw,Member,Female,Food and beverages,80.36,4,16.072,337.512,2/23/2019,18:45,Credit card,321.44,4.761904762,16.072,8.3
85,730-50-9884,C,Naypyitaw,Normal,Female,Sports and travel,83.06,7,29.071,610.491,3/5/2019,14:31,Ewallet,581.42,4.761904762,29.071,4.0
89,318-68-5053,B,Mandalay,Normal,Female,Health and beauty,76.99,6,23.097,485.037,2/27/2019,17:55,Cash,461.94,4.761904762,23.097,6.1
90,565-80-5980,C,Naypyitaw,Member,Female,Home and lifestyle,47.38,4,9.476,198.996,1/23/2019,10:25,Cash,189.52,4.761904762,9.476,7.1
91,225-32-0908,C,Naypyitaw,Normal,Female,Sports and travel,44.86,10,22.43,471.03,1/26/2019,19:54,Ewallet,448.6,4.761904762,22.43,8.2
92,873-51-0671,A,Yangon,Member,Female,Sports and travel,21.98,7,7.693,161.553,1/10/2019,16:42,Ewallet,153.86,4.761904762,7.693,5.1
97,871-39-9221,C,Naypyitaw,Normal,Female,Electronic accessories,12.45,6,3.735,78.435,2/9/2019,13:11,Cash,74.7,4.761904762,3.735,4.1
102,551-21-3069,C,Naypyitaw,Normal,Female,Electronic accessories,23.07,9,10.3815,218.0115,2/1/2019,11:27,Cash,207.63,4.761904762,10.3815,4.9
108,588-01-7461,C,Naypyitaw,Normal,Female,Food and beverages,33.98,9,15.291,321.111,3/24/2019,10:43,Cash,305.82,4.761904762,15.291,4.2
110,479-26-8945,B,Mandalay,Member,Female,Sports and travel,16.49,2,1.649,34.629,2/5/2019,11:32,Ewallet,32.98,4.761904762,1.649,4.6
111,210-67-5886,C,Naypyitaw,Member,Female,Health and beauty,98.21,3,14.7315,309.3615,2/5/2019,10:41,Credit card,294.63,4.761904762,14.7315,7.8
112,227-78-1148,B,Mandalay,Normal,Female,Fashion accessories,72.84,7,25.494,535.374,2/15/2019,12:44,Cash,509.88,4.761904762,25.494,8.4
114,237-01-6122,C,Naypyitaw,Member,Female,Home and lifestyle,80.79,9,36.3555,763.4655,2/1/2019,20:31,Credit card,727.11,4.761904762,36.3555,9.5
115,225-98-1496,C,Naypyitaw,Normal,Female,Fashion accessories,27.02,3,4.053,85.113,3/2/2019,13:01,Credit card,81.06,4.761904762,4.053,7.1
118,642-32-2990,A,Yangon,Normal,Female,Food and beverages,10.96,10,5.48,115.08,2/2/2019,20:48,Ewallet,109.6,4.761904762,5.48,6.0
120,638-60-7125,A,Yangon,Normal,Female,Electronic accessories,99.56,8,39.824,836.304,2/14/2019,17:03,Credit card,796.48,4.761904762,39.824,5.2
124,268-27-6179,B,Mandalay,Member,Female,Fashion accessories,56.47,8,22.588,474.348,3/9/2019,14:57,Ewallet,451.76,4.761904762,22.588,7.3
125,668-90-8900,A,Yangon,Normal,Female,Home and lifestyle,93.69,7,32.7915,688.6215,3/10/2019,18:44,Credit card,655.83,4.761904762,32.7915,4.5
126,870-54-3162,A,Yangon,Normal,Female,Sports and travel,32.25,5,8.0625,169.3125,1/27/2019,13:26,Cash,161.25,4.761904762,8.0625,9.0
127,189-08-9157,C,Naypyitaw,Normal,Female,Fashion accessories,31.73,9,14.2785,299.8485,1/8/2019,16:17,Credit card,285.57,4.761904762,14.2785,5.9
128,663-86-9076,C,Naypyitaw,Member,Female,Food and beverages,68.54,8,27.416,575.736,1/8/2019,15:57,Ewallet,548.32,4.761904762,27.416,8.5
129,549-84-7482,B,Mandalay,Normal,Female,Sports and travel,90.28,9,40.626,853.146,2/8/2019,11:15,Ewallet,812.52,4.761904762,40.626,7.2
130,191-10-6171,B,Mandalay,Normal,Female,Fashion accessories,39.62,7,13.867,291.207,1/25/2019,13:18,Cash,277.34,4.761904762,13.867,7.5
131,802-70-5316,A,Yangon,Member,Female,Sports and travel,92.13,6,27.639,580.419,3/6/2019,20:34,Cash,552.78,4.761904762,27.639,8.3
132,695-51-0018,B,Mandalay,Normal,Female,Sports and travel,34.84,4,6.968,146.328,2/10/2019,18:36,Cash,139.36,4.761904762,6.968,7.4
134,483-71-1164,C,Naypyitaw,Normal,Female,Health and beauty,81.3,6,24.39,512.19,3/8/2019,16:43,Ewallet,487.8,4.761904762,24.39,5.3
136,700-81-1757,A,Yangon,Normal,Female,Electronic accessories,26.31,5,6.5775,138.1275,1/18/2019,20:59,Credit card,131.55,4.761904762,6.5775,8.8
137,354-39-5160,A,Yangon,Member,Female,Home and lifestyle,34.42,6,10.326,216.846,2/18/2019,15:39,Cash,206.52,4.761904762,10.326,9.8
140,731-81-9469,C,Naypyitaw,Member,Female,Sports and travel,89.8,10,44.9,942.9,1/23/2019,13:00,Credit card,898.0,4.761904762,44.9,5.4
142,338-65-2210,C,Naypyitaw,Member,Female,Health and beauty,68.6,10,34.3,720.3,2/5/2019,19:57,Cash,686.0,4.761904762,34.3,9.1
143,488-25-4221,C,Naypyitaw,Member,Female,Food and beverages,30.41,1,1.5205,31.9305,2/22/2019,10:36,Credit card,30.41,4.761904762,1.5205,8.4
144,239-10-7476,A,Yangon,Normal,Female,Home and lifestyle,77.95,6,23.385,491.085,1/21/2019,16:37,Ewallet,467.7,4.761904762,23.385,8.0
145,458-41-1477,C,Naypyitaw,Normal,Female,Health and beauty,46.26,6,13.878,291.438,3/8/2019,17:11,Credit card,277.56,4.761904762,13.878,9.5
146,685-64-1609,A,Yangon,Member,Female,Fashion accessories,30.14,10,15.07,316.47,2/10/2019,12:28,Ewallet,301.4,4.761904762,15.07,9.2
150,608-96-3517,B,Mandalay,Member,Female,Fashion accessories,91.54,4,18.308,384.468,3/23/2019,19:20,Credit card,366.16,4.761904762,18.308,4.8
153,214-17-6927,C,Naypyitaw,Normal,Female,Food and beverages,16.48,6,4.944,103.824,2/7/2019,18:23,Ewallet,98.88,4.761904762,4.944,9.9
154,400-89-4171,C,Naypyitaw,Normal,Female,Sports and travel,80.97,8,32.388,680.148,1/28/2019,13:05,Cash,647.76,4.761904762,32.388,9.3
160,894-41-5205,C,Naypyitaw,Normal,Female,Food and beverages,43.18,8,17.272,362.712,1/19/2019,19:39,Credit card,345.44,4.761904762,17.272,8.3
177,139-52-2867,C,Naypyitaw,Normal,Female,Fashion accessories,22.51,7,7.8785,165.4485,2/13/2019,10:50,Credit card,157.57,4.761904762,7.8785,4.8
184,586-25-0848,A,Yangon,Normal,Female,Sports and travel,12.34,7,4.319,90.699,3/4/2019,11:19,Credit card,86.38,4.761904762,4.319,6.7
186,305-14-0245,B,Mandalay,Member,Female,Home and lifestyle,94.49,8,37.796,793.716,3/3/2019,19:00,Ewallet,755.92,4.761904762,37.796,7.5
189,593-65-1552,C,Naypyitaw,Normal,Female,Home and lifestyle,69.81,4,13.962,293.202,1/28/2019,20:50,Credit card,279.24,4.761904762,13.962,5.9
190,284-34-9626,B,Mandalay,Normal,Female,Home and lifestyle,77.04,3,11.556,242.676,2/11/2019,10:39,Credit card,231.12,4.761904762,11.556,7.2
191,437-58-8131,B,Mandalay,Normal,Female,Fashion accessories,73.52,2,7.352,154.392,1/15/2019,13:41,Ewallet,147.04,4.761904762,7.352,4.6
192,286-43-6208,C,Naypyitaw,Normal,Female,Food and beverages,87.8,9,39.51,829.71,3/16/2019,19:08,Cash,790.2,4.761904762,39.51,9.2
195,556-86-3144,C,Naypyitaw,Member,Female,Fashion accessories,74.29,1,3.7145,78.0045,1/13/2019,19:30,Cash,74.29,4.761904762,3.7145,5.0
197,856-22-8149,A,Yangon,Normal,Female,Home and lifestyle,25.29,1,1.2645,26.5545,3/23/2019,10:13,Ewallet,25.29,4.761904762,1.2645,6.1
199,420-11-4919,C,Naypyitaw,Member,Female,Food and beverages,71.39,5,17.8475,374.7975,2/17/2019,19:57,Credit card,356.95,4.761904762,17.8475,5.5
200,606-80-4905,C,Naypyitaw,Member,Female,Sports and travel,19.15,6,5.745,120.645,1/29/2019,10:01,Credit card,114.9,4.761904762,5.745,6.8
201,542-41-0513,B,Mandalay,Member,Female,Electronic accessories,57.49,4,11.498,241.458,3/15/2019,11:57,Cash,229.96,4.761904762,11.498,6.6
205,749-24-1565,A,Yangon,Normal,Female,Health and beauty,23.03,9,10.3635,217.6335,1/3/2019,12:02,Ewallet,207.27,4.761904762,10.3635,7.9
206,672-51-8681,C,Naypyitaw,Member,Female,Electronic accessories,66.65,9,29.9925,629.8425,1/4/2019,18:19,Credit card,599.85,4.761904762,29.9925,9.7
207,263-87-5680,C,Naypyitaw,Member,Female,Home and lifestyle,28.53,10,14.265,299.565,3/18/2019,17:38,Ewallet,285.3,4.761904762,14.265,7.8
208,573-58-9734,B,Mandalay,Normal,Female,Fashion accessories,30.37,3,4.5555,95.6655,3/28/2019,13:41,Ewallet,91.11,4.761904762,4.5555,5.1
209,817-69-8206,B,Mandalay,Normal,Female,Electronic accessories,99.73,9,44.8785,942.4485,3/2/2019,19:42,Credit card,897.57,4.761904762,44.8785,6.5
211,677-11-0152,C,Naypyitaw,Normal,Female,Food and beverages,93.26,9,41.967,881.307,1/16/2019,18:08,Cash,839.34,4.761904762,41.967,8.8
214,891-58-8335,B,Mandalay,Member,Female,Sports and travel,29.61,7,10.3635,217.6335,3/11/2019,15:53,Cash,207.27,4.761904762,10.3635,6.5
216,560-30-5617,B,Mandalay,Normal,Female,Sports and travel,24.77,5,6.1925,130.0425,3/24/2019,18:27,Cash,123.85,4.761904762,6.1925,8.5
217,319-74-2561,A,Yangon,Member,Female,Electronic accessories,94.64,3,14.196,298.116,2/21/2019,16:55,Cash,283.92,4.761904762,14.196,5.5
219,790-29-1172,B,Mandalay,Normal,Female,Food and beverages,57.34,3,8.601,180.621,3/10/2019,18:59,Credit card,172.02,4.761904762,8.601,7.9
223,279-62-1445,C,Naypyitaw,Member,Female,Fashion accessories,12.54,1,0.627,13.167,2/21/2019,12:38,Cash,12.54,4.761904762,0.627,8.2
225,746-68-6593,C,Naypyitaw,Member,Female,Sports and travel,87.16,2,8.716,183.036,1/11/2019,14:29,Credit card,174.32,4.761904762,8.716,9.7
228,466-61-5506,B,Mandalay,Member,Female,Electronic accessories,90.7,6,27.21,571.41,2/26/2019,10:52,Cash,544.2,4.761904762,27.21,5.3
229,721-86-6247,A,Yangon,Normal,Female,Home and lifestyle,63.42,8,25.368,532.728,3/11/2019,12:55,Ewallet,507.36,4.761904762,25.368,7.4
230,289-65-5721,B,Mandalay,Normal,Female,Fashion accessories,81.37,2,8.137,170.877,1/26/2019,19:28,Cash,162.74,4.761904762,8.137,6.5
231,545-46-3100,B,Mandalay,Member,Female,Electronic accessories,10.59,3,1.5885,33.3585,3/12/2019,13:52,Credit card,31.77,4.761904762,1.5885,8.7
232,418-02-5978,B,Mandalay,Normal,Female,Health and beauty,84.09,9,37.8405,794.6505,2/11/2019,10:54,Cash,756.81,4.761904762,37.8405,8.0
235,645-78-8093,A,Yangon,Normal,Female,Sports and travel,93.14,2,9.314,195.594,1/20/2019,18:09,Ewallet,186.28,4.761904762,9.314,4.1
237,755-12-3214,C,Naypyitaw,Member,Female,Fashion accessories,44.22,5,11.055,232.155,3/5/2019,17:07,Credit card,221.1,4.761904762,11.055,8.6
238,346-84-3103,B,Mandalay,Member,Female,Electronic accessories,13.22,5,3.305,69.405,3/2/2019,19:26,Cash,66.1,4.761904762,3.305,4.3
246,866-05-7563,B,Mandalay,Member,Female,Electronic accessories,81.4,3,12.21,256.41,2/9/2019,19:43,Cash,244.2,4.761904762,12.21,4.8
252,883-17-4236,C,Naypyitaw,Normal,Female,Sports and travel,14.39,2,1.439,30.219,3/2/2019,19:44,Credit card,28.78,4.761904762,1.439,7.2
260,850-41-9669,A,Yangon,Normal,Female,Electronic accessories,75.06,9,33.777,709.317,3/19/2019,13:25,Ewallet,675.54,4.761904762,33.777,6.2
261,821-07-3596,C,Naypyitaw,Normal,Female,Fashion accessories,16.45,4,3.29,69.09,3/7/2019,14:53,Ewallet,65.8,4.761904762,3.29,5.6
262,655-85-5130,B,Mandalay,Member,Female,Fashion accessories,38.3,4,7.66,160.86,3/13/2019,19:22,Cash,153.2,4.761904762,7.66,5.7
263,447-15-7839,A,Yangon,Member,Female,Sports and travel,22.24,10,11.12,233.52,2/9/2019,11:00,Cash,222.4,4.761904762,11.12,4.2
265,253-12-6086,A,Yangon,Member,Female,Sports and travel,98.4,7,34.44,723.24,3/12/2019,12:43,Credit card,688.8,4.761904762,34.44,8.7
267,571-94-0759,B,Mandalay,Member,Female,Food and beverages,74.6,10,37.3,783.3,1/8/2019,20:55,Cash,746.0,4.761904762,37.3,9.5
269,731-14-2199,A,Yangon,Member,Female,Home and lifestyle,35.54,10,17.77,373.17,1/4/2019,13:34,Ewallet,355.4,4.761904762,17.77,7.0
270,783-09-1637,B,Mandalay,Normal,Female,Sports and travel,67.43,5,16.8575,354.0075,3/6/2019,18:13,Ewallet,337.15,4.761904762,16.8575,6.3
271,687-15-1097,C,Naypyitaw,Member,Female,Health and beauty,21.12,2,2.112,44.352,1/3/2019,19:17,Cash,42.24,4.761904762,2.112,9.7
272,126-54-1082,A,Yangon,Member,Female,Home and lifestyle,21.54,9,9.693,203.553,1/7/2019,11:44,Credit card,193.86,4.761904762,9.693,8.8
273,633-91-1052,A,Yangon,Normal,Female,Home and lifestyle,12.03,2,1.203,25.263,1/27/2019,15:51,Cash,24.06,4.761904762,1.203,5.1
274,477-24-6490,B,Mandalay,Normal,Female,Health and beauty,99.71,6,29.913,628.173,2/26/2019,16:52,Ewallet,598.26,4.761904762,29.913,7.9
276,526-86-8552,C,Naypyitaw,Member,Female,Home and lifestyle,21.82,10,10.91,229.11,1/7/2019,17:36,Cash,218.2,4.761904762,10.91,7.1
277,376-56-3573,C,Naypyitaw,Normal,Female,Fashion accessories,95.42,4,19.084,400.764,2/2/2019,13:23,Ewallet,381.68,4.761904762,19.084,6.4
280,136-08-6195,A,Yangon,Normal,Female,Home and lifestyle,69.96,8,27.984,587.664,2/15/2019,17:01,Credit card,559.68,4.761904762,27.984,6.4
282,490-29-1201,A,Yangon,Normal,Female,Sports and travel,15.34,1,0.767,16.107,1/6/2019,11:09,Cash,15.34,4.761904762,0.767,6.5
284,565-17-3836,A,Yangon,Member,Female,Health and beauty,47.67,4,9.534,200.214,3/12/2019,14:21,Cash,190.68,4.761904762,9.534,9.1
287,226-71-3580,C,Naypyitaw,Normal,Female,Sports and travel,23.75,9,10.6875,224.4375,1/31/2019,12:02,Cash,213.75,4.761904762,10.6875,9.5
288,283-79-9594,B,Mandalay,Normal,Female,Food and beverages,48.51,7,16.9785,356.5485,1/25/2019,13:30,Credit card,339.57,4.761904762,16.9785,5.2
289,430-60-3493,A,Yangon,Member,Female,Home and lifestyle,94.88,7,33.208,697.368,2/3/2019,14:38,Cash,664.16,4.761904762,33.208,4.2
292,278-97-7759,A,Yangon,Member,Female,Electronic accessories,62.48,1,3.124,65.604,2/18/2019,20:29,Cash,62.48,4.761904762,3.124,4.7
293,316-68-6352,A,Yangon,Member,Female,Food and beverages,36.36,2,3.636,76.356,1/21/2019,10:00,Cash,72.72,4.761904762,3.636,7.1
295,211-05-0490,C,Naypyitaw,Member,Female,Electronic accessories,51.92,5,12.98,272.58,3/3/2019,13:42,Cash,259.6,4.761904762,12.98,7.5
299,779-06-0012,C,Naypyitaw,Member,Female,Home and lifestyle,88.61,1,4.4305,93.0405,1/19/2019,10:21,Cash,88.61,4.761904762,4.4305,7.7
303,439-54-7422,A,Yangon,Normal,Female,Electronic accessories,51.19,4,10.238,214.998,3/18/2019,17:15,Credit card,204.76,4.761904762,10.238,4.7
304,396-90-2219,B,Mandalay,Normal,Female,Electronic accessories,14.96,8,5.984,125.664,2/23/2019,12:29,Cash,119.68,4.761904762,5.984,8.6
306,286-01-5402,A,Yangon,Normal,Female,Sports and travel,40.23,7,14.0805,295.6905,3/30/2019,13:22,Cash,281.61,4.761904762,14.0805,9.6
307,803-17-8013,A,Yangon,Member,Female,Home and lifestyle,88.79,8,35.516,745.836,2/17/2019,17:09,Cash,710.32,4.761904762,35.516,4.1
308,512-98-1403,A,Yangon,Member,Female,Electronic accessories,26.48,3,3.972,83.412,3/21/2019,10:40,Ewallet,79.44,4.761904762,3.972,4.7
309,848-42-2560,A,Yangon,Normal,Female,Fashion accessories,81.91,2,8.191,172.011,3/5/2019,17:43,Cash,163.82,4.761904762,8.191,7.8
312,870-76-1733,A,Yangon,Member,Female,Food and beverages,14.23,5,3.5575,74.7075,2/1/2019,10:08,Credit card,71.15,4.761904762,3.5575,4.4
313,423-64-4619,A,Yangon,Member,Female,Health and beauty,15.55,9,6.9975,146.9475,3/7/2019,13:12,Cash,139.95,4.761904762,6.9975,5.0
314,227-07-4446,C,Naypyitaw,Member,Female,Electronic accessories,78.13,10,39.065,820.365,2/10/2019,20:51,Cash,781.3,4.761904762,39.065,4.4
316,428-83-5800,C,Naypyitaw,Member,Female,Food and beverages,21.08,3,3.162,66.402,2/9/2019,10:25,Cash,63.24,4.761904762,3.162,7.3
318,704-20-4138,C,Naypyitaw,Member,Female,Health and beauty,29.67,7,10.3845,218.0745,3/11/2019,18:58,Credit card,207.69,4.761904762,10.3845,8.1
320,649-11-3678,C,Naypyitaw,Normal,Female,Food and beverages,22.93,9,10.3185,216.6885,2/26/2019,20:26,Cash,206.37,4.761904762,10.3185,5.5
321,622-20-1945,C,Naypyitaw,Normal,Female,Health and beauty,39.42,1,1.971,41.391,1/18/2019,15:08,Cash,39.42,4.761904762,1.971,8.4
323,563-91-7120,A,Yangon,Normal,Female,Fashion accessories,61.77,5,15.4425,324.2925,3/8/2019,13:21,Cash,308.85,4.761904762,15.4425,6.7
335,527-09-6272,A,Yangon,Member,Female,Electronic accessories,28.45,5,7.1125,149.3625,3/21/2019,10:17,Credit card,142.25,4.761904762,7.1125,9.1
337,692-27-8933,B,Mandalay,Normal,Female,Sports and travel,57.95,6,17.385,365.085,2/24/2019,13:02,Cash,347.7,4.761904762,17.385,5.2
338,633-09-3463,C,Naypyitaw,Normal,Female,Electronic accessories,47.65,3,7.1475,150.0975,3/28/2019,12:58,Credit card,142.95,4.761904762,7.1475,9.5
339,374-17-3652,B,Mandalay,Member,Female,Food and beverages,42.82,9,19.269,404.649,2/5/2019,15:26,Credit card,385.38,4.761904762,19.269,8.9
341,433-75-6987,B,Mandalay,Member,Female,Health and beauty,55.97,7,19.5895,411.3795,3/5/2019,19:06,Ewallet,391.79,4.761904762,19.5895,8.9
342,873-95-4984,B,Mandalay,Member,Female,Health and beauty,76.9,7,26.915,565.215,2/15/2019,20:21,Cash,538.3,4.761904762,26.915,7.7
343,416-13-5917,C,Naypyitaw,Normal,Female,Food and beverages,97.03,5,24.2575,509.4075,1/30/2019,16:24,Ewallet,485.15,4.761904762,24.2575,9.3
345,135-84-8019,A,Yangon,Normal,Female,Fashion accessories,77.93,9,35.0685,736.4385,2/27/2019,16:10,Ewallet,701.37,4.761904762,35.0685,7.6
347,725-96-3778,C,Naypyitaw,Member,Female,Home and lifestyle,89.25,8,35.7,749.7,1/20/2019,10:13,Cash,714.0,4.761904762,35.7,4.7
349,400-45-1220,B,Mandalay,Normal,Female,Health and beauty,13.5,10,6.75,141.75,2/27/2019,11:06,Credit card,135.0,4.761904762,6.75,4.8
350,860-79-0874,C,Naypyitaw,Member,Female,Fashion accessories,99.3,10,49.65,1042.65,2/15/2019,14:53,Credit card,993.0,4.761904762,49.65,6.6
352,115-99-4379,B,Mandalay,Member,Female,Fashion accessories,54.73,7,19.1555,402.2655,3/14/2019,19:02,Credit card,383.11,4.761904762,19.1555,8.5
354,320-49-6392,C,Naypyitaw,Normal,Female,Electronic accessories,30.24,1,1.512,31.752,3/4/2019,15:44,Cash,30.24,4.761904762,1.512,8.4
355,889-04-9723,B,Mandalay,Member,Female,Food and beverages,89.14,4,17.828,374.388,1/7/2019,12:20,Credit card,356.56,4.761904762,17.828,7.8
356,632-90-0281,C,Naypyitaw,Normal,Female,Fashion accessories,37.55,10,18.775,394.275,3/8/2019,20:01,Credit card,375.5,4.761904762,18.775,9.3
357,554-42-2417,C,Naypyitaw,Normal,Female,Sports and travel,95.44,10,47.72,1002.12,1/9/2019,13:45,Cash,954.4,4.761904762,47.72,5.2
361,605-72-4132,C,Naypyitaw,Normal,Female,Food and beverages,94.47,8,37.788,793.548,2/27/2019,15:12,Cash,755.76,4.761904762,37.788,9.1
364,272-27-9238,C,Naypyitaw,Normal,Female,Food and beverages,41.24,4,8.248,173.208,2/19/2019,16:23,Cash,164.96,4.761904762,8.248,7.1
365,834-25-9262,C,Naypyitaw,Normal,Female,Fashion accessories,81.68,4,16.336,343.056,1/6/2019,12:12,Cash,326.72,4.761904762,16.336,9.1
366,122-61-9553,C,Naypyitaw,Normal,Female,Electronic accessories,51.32,9,23.094,484.974,3/14/2019,19:33,Cash,461.88,4.761904762,23.094,5.6
368,613-59-9758,C,Naypyitaw,Normal,Female,Sports and travel,14.36,10,7.18,150.78,1/27/2019,14:28,Cash,143.6,4.761904762,7.18,5.4
370,201-86-2184,B,Mandalay,Member,Female,Electronic accessories,26.26,7,9.191,193.011,2/2/2019,19:40,Cash,183.82,4.761904762,9.191,9.9
371,261-12-8671,B,Mandalay,Normal,Female,Fashion accessories,60.96,2,6.096,128.016,1/25/2019,19:39,Credit card,121.92,4.761904762,6.096,4.9
372,730-70-9830,C,Naypyitaw,Normal,Female,Home and lifestyle,70.11,6,21.033,441.693,3/14/2019,17:54,Ewallet,420.66,4.761904762,21.033,5.2
374,422-29-8786,A,Yangon,Normal,Female,Home and lifestyle,67.09,5,16.7725,352.2225,1/3/2019,16:47,Credit card,335.45,4.761904762,16.7725,9.1
375,667-23-5919,A,Yangon,Member,Female,Fashion accessories,96.7,5,24.175,507.675,1/14/2019,12:52,Ewallet,483.5,4.761904762,24.175,7.0
376,843-01-4703,B,Mandalay,Member,Female,Home and lifestyle,35.38,9,15.921,334.341,1/5/2019,19:50,Credit card,318.42,4.761904762,15.921,9.6
379,182-69-8360,B,Mandalay,Normal,Female,Electronic accessories,23.65,4,4.73,99.33,1/30/2019,13:32,Credit card,94.6,4.761904762,4.73,4.0
381,462-78-5240,C,Naypyitaw,Normal,Female,Electronic accessories,26.61,2,2.661,55.881,3/19/2019,14:35,Cash,53.22,4.761904762,2.661,4.2
382,868-52-7573,B,Mandalay,Normal,Female,Food and beverages,99.69,5,24.9225,523.3725,1/14/2019,12:09,Cash,498.45,4.761904762,24.9225,9.9
383,153-58-4872,C,Naypyitaw,Member,Female,Food and beverages,74.89,4,14.978,314.538,3/1/2019,15:32,Ewallet,299.56,4.761904762,14.978,4.2
384,662-72-2873,A,Yangon,Normal,Female,Food and beverages,40.94,5,10.235,214.935,1/6/2019,13:58,Ewallet,204.7,4.761904762,10.235,9.9
387,725-56-0833,A,Yangon,Normal,Female,Health and beauty,32.32,10,16.16,339.36,2/20/2019,16:49,Credit card,323.2,4.761904762,16.16,10.0
388,394-41-0748,C,Naypyitaw,Member,Female,Fashion accessories,54.07,9,24.3315,510.9615,1/27/2019,14:55,Ewallet,486.63,4.761904762,24.3315,9.5
390,541-89-9860,C,Naypyitaw,Member,Female,Fashion accessories,80.48,3,12.072,253.512,2/15/2019,12:31,Cash,241.44,4.761904762,12.072,8.1
391,173-82-9529,B,Mandalay,Normal,Female,Fashion accessories,37.95,10,18.975,398.475,1/26/2019,14:51,Cash,379.5,4.761904762,18.975,9.7
393,308-47-4913,A,Yangon,Member,Female,Sports and travel,52.26,10,26.13,548.73,3/9/2019,12:45,Credit card,522.6,4.761904762,26.13,6.2
394,885-17-6250,A,Yangon,Normal,Female,Health and beauty,79.74,1,3.987,83.727,3/6/2019,10:36,Ewallet,79.74,4.761904762,3.987,7.3
395,726-27-2396,A,Yangon,Normal,Female,Health and beauty,77.5,5,19.375,406.875,1/24/2019,20:36,Ewallet,387.5,4.761904762,19.375,4.3
396,316-01-3952,A,Yangon,Normal,Female,Food and beverages,54.27,5,13.5675,284.9175,3/13/2019,14:16,Ewallet,271.35,4.761904762,13.5675,4.6
398,793-10-3222,B,Mandalay,Member,Female,Health and beauty,41.06,6,12.318,258.678,3/5/2019,13:30,Credit card,246.36,4.761904762,12.318,8.3
400,110-05-6330,C,Naypyitaw,Normal,Female,Food and beverages,39.43,6,11.829,248.409,3/25/2019,20:18,Credit card,236.58,4.761904762,11.829,9.4
403,831-64-0259,B,Mandalay,Normal,Female,Fashion accessories,39.75,5,9.9375,208.6875,2/22/2019,10:43,Ewallet,198.75,4.761904762,9.9375,9.6
404,587-03-7455,C,Naypyitaw,Member,Female,Fashion accessories,97.79,7,34.2265,718.7565,2/16/2019,17:30,Ewallet,684.53,4.761904762,34.2265,4.9
407,725-32-9708,B,Mandalay,Member,Female,Fashion accessories,68.71,4,13.742,288.582,1/4/2019,19:01,Cash,274.84,4.761904762,13.742,4.1
408,256-08-8343,A,Yangon,Normal,Female,Home and lifestyle,56.53,4,11.306,237.426,3/4/2019,19:48,Ewallet,226.12,4.761904762,11.306,5.5
409,372-26-1506,C,Naypyitaw,Normal,Female,Fashion accessories,23.82,5,5.955,125.055,1/28/2019,19:24,Ewallet,119.1,4.761904762,5.955,5.4
410,244-08-0162,B,Mandalay,Normal,Female,Health and beauty,34.21,10,17.105,359.205,1/2/2019,13:00,Cash,342.1,4.761904762,17.105,5.1
416,750-57-9686,C,Naypyitaw,Normal,Female,Home and lifestyle,45.38,4,9.076,190.596,1/8/2019,13:48,Credit card,181.52,4.761904762,9.076,8.7
417,186-09-3669,C,Naypyitaw,Member,Female,Health and beauty,81.51,1,4.0755,85.5855,1/22/2019,10:57,Ewallet,81.51,4.761904762,4.0755,9.2
418,848-07-1692,B,Mandalay,Normal,Female,Health and beauty,57.22,2,5.722,120.162,1/12/2019,17:13,Ewallet,114.44,4.761904762,5.722,8.3
419,745-71-3520,A,Yangon,Member,Female,Electronic accessories,25.22,7,8.827,185.367,2/4/2019,10:23,Cash,176.54,4.761904762,8.827,8.2
420,266-76-6436,C,Naypyitaw,Member,Female,Food and beverages,38.6,3,5.79,121.59,3/28/2019,13:57,Ewallet,115.8,4.761904762,5.79,7.5
421,740-22-2500,C,Naypyitaw,Normal,Female,Electronic accessories,84.05,3,12.6075,264.7575,1/23/2019,13:29,Cash,252.15,4.761904762,12.6075,9.8
422,271-88-8734,C,Naypyitaw,Member,Female,Fashion accessories,97.21,10,48.605,1020.705,2/8/2019,13:00,Credit card,972.1,4.761904762,48.605,8.7
427,650-98-6268,B,Mandalay,Member,Female,Food and beverages,20.87,3,3.1305,65.7405,3/20/2019,13:53,Credit card,62.61,4.761904762,3.1305,8.0
429,325-77-6186,A,Yangon,Member,Female,Home and lifestyle,90.65,10,45.325,951.825,3/8/2019,10:53,Ewallet,906.5,4.761904762,45.325,7.3
432,459-50-7686,A,Yangon,Normal,Female,Electronic accessories,23.46,6,7.038,147.798,1/13/2019,19:14,Ewallet,140.76,4.761904762,7.038,6.4
434,837-55-7229,B,Mandalay,Normal,Female,Fashion accessories,47.44,1,2.372,49.812,2/22/2019,18:19,Credit card,47.44,4.761904762,2.372,6.8
439,810-60-6344,C,Naypyitaw,Normal,Female,Electronic accessories,40.86,8,16.344,343.224,2/7/2019,14:38,Credit card,326.88,4.761904762,16.344,6.5
441,394-30-3170,B,Mandalay,Member,Female,Sports and travel,88.43,8,35.372,742.812,3/22/2019,19:35,Credit card,707.44,4.761904762,35.372,4.3
442,138-17-5109,A,Yangon,Member,Female,Home and lifestyle,89.21,9,40.1445,843.0345,1/15/2019,15:42,Credit card,802.89,4.761904762,40.1445,6.5
444,301-11-9629,A,Yangon,Normal,Female,Sports and travel,19.1,7,6.685,140.385,1/15/2019,10:43,Cash,133.7,4.761904762,6.685,9.7
445,390-80-5128,B,Mandalay,Member,Female,Health and beauty,19.15,1,0.9575,20.1075,1/28/2019,17:58,Credit card,19.15,4.761904762,0.9575,9.5
448,296-11-7041,B,Mandalay,Member,Female,Health and beauty,27.07,1,1.3535,28.4235,1/12/2019,20:07,Credit card,27.07,4.761904762,1.3535,5.3
449,449-27-2918,B,Mandalay,Member,Female,Sports and travel,39.12,1,1.956,41.076,3/26/2019,11:02,Credit card,39.12,4.761904762,1.956,9.6
450,891-01-7034,B,Mandalay,Normal,Female,Electronic accessories,74.71,6,22.413,470.673,1/1/2019,19:07,Cash,448.26,4.761904762,22.413,6.7
452,727-17-0390,A,Yangon,Normal,Female,Food and beverages,63.61,5,15.9025,333.9525,3/16/2019,12:43,Ewallet,318.05,4.761904762,15.9025,4.8
455,767-54-1907,B,Mandalay,Member,Female,Fashion accessories,29.56,5,7.39,155.19,2/13/2019,16:59,Cash,147.8,4.761904762,7.39,6.9
456,710-46-4433,B,Mandalay,Member,Female,Food and beverages,77.4,9,34.83,731.43,2/15/2019,14:15,Credit card,696.6,4.761904762,34.83,4.5
458,325-90-8763,C,Naypyitaw,Member,Female,Electronic accessories,46.57,10,23.285,488.985,1/27/2019,13:58,Cash,465.7,4.761904762,23.285,7.6
461,234-03-4040,B,Mandalay,Member,Female,Food and beverages,73.05,10,36.525,767.025,3/3/2019,12:25,Credit card,730.5,4.761904762,36.525,8.7
462,326-71-2155,C,Naypyitaw,Normal,Female,Sports and travel,73.95,4,14.79,310.59,2/3/2019,10:02,Cash,295.8,4.761904762,14.79,6.1
463,320-32-8842,C,Naypyitaw,Member,Female,Food and beverages,22.62,1,1.131,23.751,3/17/2019,18:58,Cash,22.62,4.761904762,1.131,6.4
465,878-30-2331,C,Naypyitaw,Member,Female,Sports and travel,54.55,10,27.275,572.775,3/2/2019,11:22,Credit card,545.5,4.761904762,27.275,7.1
466,440-59-5691,C,Naypyitaw,Member,Female,Health and beauty,37.15,7,13.0025,273.0525,2/8/2019,13:12,Credit card,260.05,4.761904762,13.0025,7.7
469,233-34-0817,C,Naypyitaw,Member,Female,Electronic accessories,98.84,1,4.942,103.782,2/15/2019,11:21,Cash,98.84,4.761904762,4.942,8.4
470,767-05-1286,C,Naypyitaw,Member,Female,Home and lifestyle,83.77,6,25.131,527.751,1/23/2019,12:10,Ewallet,502.62,4.761904762,25.131,5.4
471,340-21-9136,A,Yangon,Member,Female,Sports and travel,40.05,4,8.01,168.21,1/25/2019,11:40,Cash,160.2,4.761904762,8.01,9.7
474,676-39-6028,A,Yangon,Member,Female,Electronic accessories,64.44,5,16.11,338.31,3/30/2019,17:04,Cash,322.2,4.761904762,16.11,6.6
476,485-30-8700,A,Yangon,Normal,Female,Sports and travel,33.26,5,8.315,174.615,3/18/2019,16:10,Credit card,166.3,4.761904762,8.315,4.2
481,246-11-3901,C,Naypyitaw,Normal,Female,Electronic accessories,32.8,10,16.4,344.4,2/15/2019,12:12,Cash,328.0,4.761904762,16.4,6.2
484,493-65-6248,C,Naypyitaw,Member,Female,Sports and travel,36.98,10,18.49,388.29,1/1/2019,19:48,Credit card,369.8,4.761904762,18.49,7.0
485,438-01-4015,B,Mandalay,Member,Female,Sports and travel,49.49,4,9.898,207.858,3/21/2019,15:25,Ewallet,197.96,4.761904762,9.898,6.6
486,709-58-4068,B,Mandalay,Normal,Female,Fashion accessories,41.09,10,20.545,431.445,2/28/2019,14:42,Cash,410.9,4.761904762,20.545,7.3
489,627-95-3243,B,Mandalay,Member,Female,Home and lifestyle,77.68,9,34.956,734.076,2/4/2019,13:21,Ewallet,699.12,4.761904762,34.956,9.8
490,686-41-0932,B,Mandalay,Normal,Female,Fashion accessories,34.7,2,3.47,72.87,3/13/2019,19:48,Ewallet,69.4,4.761904762,3.47,8.2
491,510-09-5628,A,Yangon,Member,Female,Fashion accessories,19.66,10,9.83,206.43,3/15/2019,18:20,Credit card,196.6,4.761904762,9.83,7.2
492,608-04-3797,B,Mandalay,Member,Female,Health and beauty,25.32,8,10.128,212.688,3/5/2019,20:24,Ewallet,202.56,4.761904762,10.128,8.7
493,148-82-2527,C,Naypyitaw,Member,Female,Home and lifestyle,12.12,10,6.06,127.26,3/5/2019,13:44,Credit card,121.2,4.761904762,6.06,8.4
496,556-97-7101,C,Naypyitaw,Normal,Female,Electronic accessories,63.22,2,6.322,132.762,1/1/2019,15:51,Cash,126.44,4.761904762,6.322,8.5
497,862-59-8517,C,Naypyitaw,Normal,Female,Food and beverages,90.24,6,27.072,568.512,1/27/2019,11:17,Cash,541.44,4.761904762,27.072,6.2
498,401-18-8016,B,Mandalay,Member,Female,Sports and travel,98.13,1,4.9065,103.0365,1/21/2019,17:36,Cash,98.13,4.761904762,4.9065,8.9
499,420-18-8989,A,Yangon,Member,Female,Sports and travel,51.52,8,20.608,432.768,2/2/2019,15:47,Cash,412.16,4.761904762,20.608,9.6
501,573-98-8548,C,Naypyitaw,Member,Female,Fashion accessories,31.9,1,1.595,33.495,1/5/2019,12:40,Ewallet,31.9,4.761904762,1.595,9.1
503,282-35-2475,B,Mandalay,Normal,Female,Sports and travel,93.31,2,9.331,195.951,3/25/2019,17:53,Cash,186.62,4.761904762,9.331,6.3
506,387-49-4215,B,Mandalay,Member,Female,Sports and travel,48.5,3,7.275,152.775,1/8/2019,12:50,Cash,145.5,4.761904762,7.275,6.7
507,862-17-9201,B,Mandalay,Normal,Female,Food and beverages,84.05,6,25.215,529.515,1/29/2019,10:48,Credit card,504.3,4.761904762,25.215,7.7
509,602-80-9671,C,Naypyitaw,Member,Female,Home and lifestyle,15.95,6,4.785,100.485,2/9/2019,17:15,Credit card,95.7,4.761904762,4.785,5.1
510,347-72-6115,B,Mandalay,Member,Female,Sports and travel,90.74,7,31.759,666.939,1/16/2019,18:03,Credit card,635.18,4.761904762,31.759,6.2
511,209-61-0206,A,Yangon,Normal,Female,Home and lifestyle,42.91,5,10.7275,225.2775,1/5/2019,17:29,Ewallet,214.55,4.761904762,10.7275,6.1
512,595-27-4851,A,Yangon,Normal,Female,Fashion accessories,54.28,7,18.998,398.958,1/27/2019,18:05,Ewallet,379.96,4.761904762,18.998,9.3
515,413-20-6708,C,Naypyitaw,Member,Female,Fashion accessories,51.47,1,2.5735,54.0435,3/18/2019,15:52,Ewallet,51.47,4.761904762,2.5735,8.5
520,734-91-1155,B,Mandalay,Normal,Female,Electronic accessories,45.71,3,6.8565,143.9865,3/26/2019,10:34,Credit card,137.13,4.761904762,6.8565,7.7
521,451-28-5717,C,Naypyitaw,Member,Female,Home and lifestyle,83.17,6,24.951,523.971,3/20/2019,11:23,Cash,499.02,4.761904762,24.951,7.3
522,609-81-8548,A,Yangon,Member,Female,Home and lifestyle,37.44,6,11.232,235.872,2/6/2019,13:55,Credit card,224.64,4.761904762,11.232,5.9
525,719-89-8991,A,Yangon,Member,Female,Sports and travel,91.41,5,22.8525,479.9025,2/25/2019,16:03,Ewallet,457.05,4.761904762,22.8525,7.1
528,827-44-5872,B,Mandalay,Member,Female,Food and beverages,54.36,10,27.18,570.78,2/7/2019,11:28,Credit card,543.6,4.761904762,27.18,6.1
533,236-27-1144,C,Naypyitaw,Normal,Female,Food and beverages,16.31,9,7.3395,154.1295,3/26/2019,10:31,Ewallet,146.79,4.761904762,7.3395,8.4
534,892-05-6689,A,Yangon,Normal,Female,Home and lifestyle,28.32,5,7.08,148.68,3/11/2019,13:28,Ewallet,141.6,4.761904762,7.08,6.2
536,339-12-4827,B,Mandalay,Member,Female,Fashion accessories,73.96,1,3.698,77.658,1/5/2019,11:32,Credit card,73.96,4.761904762,3.698,5.0
538,308-81-0538,A,Yangon,Normal,Female,Fashion accessories,73.05,4,14.61,306.81,2/25/2019,17:16,Credit card,292.2,4.761904762,14.61,4.9
539,358-88-9262,C,Naypyitaw,Member,Female,Food and beverages,87.48,6,26.244,551.124,2/1/2019,18:43,Ewallet,524.88,4.761904762,26.244,5.1
542,173-50-1108,B,Mandalay,Member,Female,Sports and travel,20.18,4,4.036,84.756,2/13/2019,12:14,Credit card,80.72,4.761904762,4.036,5.0
544,841-18-8232,B,Mandalay,Normal,Female,Food and beverages,71.2,1,3.56,74.76,1/5/2019,20:40,Credit card,71.2,4.761904762,3.56,9.2
546,647-50-1224,A,Yangon,Normal,Female,Fashion accessories,29.42,10,14.71,308.91,1/12/2019,16:23,Ewallet,294.2,4.761904762,14.71,8.9
548,539-21-7227,B,Mandalay,Normal,Female,Sports and travel,51.54,5,12.885,270.585,1/26/2019,17:45,Cash,257.7,4.761904762,12.885,4.2
549,213-32-1216,A,Yangon,Normal,Female,Electronic accessories,66.06,6,19.818,416.178,1/23/2019,10:28,Cash,396.36,4.761904762,19.818,7.3
551,582-52-8065,B,Mandalay,Normal,Female,Fashion accessories,54.31,9,24.4395,513.2295,2/22/2019,10:49,Cash,488.79,4.761904762,24.4395,8.9
552,210-57-1719,B,Mandalay,Normal,Female,Health and beauty,58.24,9,26.208,550.368,2/5/2019,12:34,Cash,524.16,4.761904762,26.208,9.7
556,198-66-9832,B,Mandalay,Member,Female,Fashion accessories,72.04,2,7.204,151.284,2/4/2019,19:38,Cash,144.08,4.761904762,7.204,9.5
557,283-26-5248,C,Naypyitaw,Member,Female,Food and beverages,98.52,10,49.26,1034.46,1/30/2019,20:23,Ewallet,985.2,4.761904762,49.26,4.5
559,218-59-9410,A,Yangon,Member,Female,Home and lifestyle,72.42,3,10.863,228.123,3/29/2019,16:54,Ewallet,217.26,4.761904762,10.863,8.2
562,134-54-4720,B,Mandalay,Normal,Female,Electronic accessories,42.42,8,16.968,356.328,1/30/2019,13:58,Ewallet,339.36,4.761904762,16.968,5.7
565,698-98-5964,A,Yangon,Normal,Female,Food and beverages,81.21,10,40.605,852.705,1/17/2019,13:01,Credit card,812.1,4.761904762,40.605,6.3
566,718-57-9773,C,Naypyitaw,Normal,Female,Sports and travel,49.33,10,24.665,517.965,2/3/2019,16:40,Credit card,493.3,4.761904762,24.665,9.4
567,651-88-7328,A,Yangon,Normal,Female,Fashion accessories,65.74,9,29.583,621.243,1/1/2019,13:55,Cash,591.66,4.761904762,29.583,7.7
568,241-11-2261,B,Mandalay,Normal,Female,Fashion accessories,79.86,7,27.951,586.971,1/10/2019,10:33,Credit card,559.02,4.761904762,27.951,5.5
569,408-26-9866,C,Naypyitaw,Normal,Female,Sports and travel,73.98,7,25.893,543.753,3/2/2019,16:42,Ewallet,517.86,4.761904762,25.893,4.1
570,834-83-1826,B,Mandalay,Member,Female,Home and lifestyle,82.04,5,20.51,430.71,2/25/2019,17:16,Credit card,410.2,4.761904762,20.51,7.6
578,797-88-0493,A,Yangon,Normal,Female,Health and beauty,64.27,4,12.854,269.934,3/26/2019,13:54,Cash,257.08,4.761904762,12.854,7.7
581,443-82-0585,A,Yangon,Member,Female,Health and beauty,77.68,4,15.536,326.256,2/1/2019,19:54,Cash,310.72,4.761904762,15.536,8.4
582,339-18-7061,C,Naypyitaw,Member,Female,Fashion accessories,92.98,2,9.298,195.258,2/13/2019,15:06,Credit card,185.96,4.761904762,9.298,8.0
583,359-90-3665,B,Mandalay,Member,Female,Fashion accessories,18.08,4,3.616,75.936,1/14/2019,18:03,Credit card,72.32,4.761904762,3.616,9.5
586,278-86-2735,A,Yangon,Normal,Female,Food and beverages,52.34,3,7.851,164.871,3/27/2019,14:03,Cash,157.02,4.761904762,7.851,9.2
587,695-28-6250,A,Yangon,Normal,Female,Sports and travel,43.06,5,10.765,226.065,2/4/2019,16:38,Ewallet,215.3,4.761904762,10.765,7.7
591,788-07-8452,C,Naypyitaw,Member,Female,Home and lifestyle,24.24,7,8.484,178.164,1/27/2019,17:38,Ewallet,169.68,4.761904762,8.484,9.4
592,560-49-6611,A,Yangon,Member,Female,Sports and travel,45.58,1,2.279,47.859,2/7/2019,14:13,Cash,45.58,4.761904762,2.279,9.8
593,880-35-0356,A,Yangon,Member,Female,Sports and travel,75.2,3,11.28,236.88,2/5/2019,11:51,Ewallet,225.6,4.761904762,11.28,4.8
597,123-35-4896,C,Naypyitaw,Normal,Female,Sports and travel,46.66,9,20.997,440.937,2/17/2019,19:11,Ewallet,419.94,4.761904762,20.997,5.3
598,258-69-7810,C,Naypyitaw,Normal,Female,Fashion accessories,36.85,5,9.2125,193.4625,1/26/2019,18:53,Cash,184.25,4.761904762,9.2125,9.2
599,334-64-2006,A,Yangon,Member,Female,Home and lifestyle,70.32,2,7.032,147.672,3/24/2019,14:22,Ewallet,140.64,4.761904762,7.032,9.6
601,881-41-7302,C,Naypyitaw,Normal,Female,Fashion accessories,64.99,1,3.2495,68.2395,1/26/2019,10:06,Credit card,64.99,4.761904762,3.2495,4.5
603,642-30-6693,B,Mandalay,Normal,Female,Sports and travel,54.51,6,16.353,343.413,3/17/2019,13:54,Ewallet,327.06,4.761904762,16.353,7.8
604,484-22-8230,C,Naypyitaw,Member,Female,Fashion accessories,51.89,7,18.1615,381.3915,1/8/2019,20:08,Cash,363.23,4.761904762,18.1615,4.5
606,559-98-9873,A,Yangon,Member,Female,Fashion accessories,53.65,7,18.7775,394.3275,2/10/2019,12:56,Ewallet,375.55,4.761904762,18.7775,5.2
607,544-32-5024,C,Naypyitaw,Member,Female,Food and beverages,49.79,4,9.958,209.118,3/28/2019,19:16,Credit card,199.16,4.761904762,9.958,6.4
610,421-95-9805,A,Yangon,Normal,Female,Electronic accessories,28.96,1,1.448,30.408,2/7/2019,10:18,Credit card,28.96,4.761904762,1.448,6.2
611,277-35-5865,C,Naypyitaw,Member,Female,Food and beverages,98.97,9,44.5365,935.2665,3/9/2019,11:23,Cash,890.73,4.761904762,44.5365,6.7
615,509-29-3912,A,Yangon,Member,Female,Sports and travel,38.72,9,17.424,365.904,3/20/2019,12:24,Ewallet,348.48,4.761904762,17.424,4.2
619,641-96-3695,C,Naypyitaw,Member,Female,Fashion accessories,43.46,6,13.038,273.798,2/7/2019,17:55,Ewallet,260.76,4.761904762,13.038,8.5
620,420-97-3340,A,Yangon,Normal,Female,Food and beverages,71.68,3,10.752,225.792,3/28/2019,15:30,Credit card,215.04,4.761904762,10.752,9.2
621,436-54-4512,A,Yangon,Member,Female,Food and beverages,91.61,1,4.5805,96.1905,3/20/2019,19:44,Cash,91.61,4.761904762,4.5805,9.8
622,670-79-6321,B,Mandalay,Member,Female,Home and lifestyle,94.59,7,33.1065,695.2365,1/17/2019,15:27,Credit card,662.13,4.761904762,33.1065,4.9
623,852-62-7105,B,Mandalay,Normal,Female,Fashion accessories,83.25,10,41.625,874.125,1/12/2019,11:25,Credit card,832.5,4.761904762,41.625,4.4
625,135-13-8269,B,Mandalay,Member,Female,Food and beverages,78.88,2,7.888,165.648,1/26/2019,16:04,Cash,157.76,4.761904762,7.888,9.1
629,308-39-1707,A,Yangon,Normal,Female,Fashion accessories,12.09,1,0.6045,12.6945,1/26/2019,18:19,Credit card,12.09,4.761904762,0.6045,8.2
637,318-81-2368,C,Naypyitaw,Normal,Female,Electronic accessories,46.2,1,2.31,48.51,3/19/2019,12:16,Cash,46.2,4.761904762,2.31,6.3
638,364-33-8584,B,Mandalay,Member,Female,Food and beverages,17.63,5,4.4075,92.5575,3/8/2019,15:27,Cash,88.15,4.761904762,4.4075,8.5
640,695-09-5146,B,Mandalay,Member,Female,Food and beverages,98.79,3,14.8185,311.1885,2/23/2019,20:00,Ewallet,296.37,4.761904762,14.8185,6.4
641,155-45-3814,C,Naypyitaw,Member,Female,Electronic accessories,88.55,8,35.42,743.82,3/19/2019,15:29,Ewallet,708.4,4.761904762,35.42,4.7
643,131-15-8856,C,Naypyitaw,Member,Female,Food and beverages,72.52,8,29.008,609.168,3/30/2019,19:26,Credit card,580.16,4.761904762,29.008,4.0
648,859-71-0933,C,Naypyitaw,Member,Female,Sports and travel,15.49,2,1.549,32.529,1/16/2019,15:10,Cash,30.98,4.761904762,1.549,6.3
651,563-47-4072,B,Mandalay,Normal,Female,Health and beauty,55.81,6,16.743,351.603,1/22/2019,11:52,Cash,334.86,4.761904762,16.743,9.9
655,169-52-4504,A,Yangon,Normal,Female,Electronic accessories,15.69,3,2.3535,49.4235,3/14/2019,14:13,Credit card,47.07,4.761904762,2.3535,5.8
656,250-81-7186,C,Naypyitaw,Normal,Female,Electronic accessories,99.69,1,4.9845,104.6745,2/27/2019,10:23,Credit card,99.69,4.761904762,4.9845,8.0
657,562-12-5430,A,Yangon,Member,Female,Fashion accessories,88.15,3,13.2225,277.6725,1/18/2019,10:11,Ewallet,264.45,4.761904762,13.2225,7.9
658,816-72-8853,A,Yangon,Member,Female,Sports and travel,27.93,5,6.9825,146.6325,1/29/2019,15:48,Cash,139.65,4.761904762,6.9825,5.9
660,322-02-2271,B,Mandalay,Normal,Female,Sports and travel,42.97,3,6.4455,135.3555,2/3/2019,11:46,Cash,128.91,4.761904762,6.4455,9.3
662,725-67-2480,B,Mandalay,Member,Female,Fashion accessories,58.75,6,17.625,370.125,3/24/2019,18:14,Credit card,352.5,4.761904762,17.625,5.9
663,641-51-2661,C,Naypyitaw,Member,Female,Food and beverages,87.1,10,43.55,914.55,2/12/2019,14:45,Credit card,871.0,4.761904762,43.55,9.9
664,714-02-3114,C,Naypyitaw,Normal,Female,Sports and travel,98.8,2,9.88,207.48,2/21/2019,11:39,Cash,197.6,4.761904762,9.88,7.7
665,518-17-2983,A,Yangon,Normal,Female,Fashion accessories,48.63,4,9.726,204.246,2/4/2019,15:44,Ewallet,194.52,4.761904762,9.726,7.6
667,190-14-3147,B,Mandalay,Normal,Female,Health and beauty,17.97,4,3.594,75.474,2/23/2019,20:43,Ewallet,71.88,4.761904762,3.594,6.4
668,408-66-6712,C,Naypyitaw,Member,Female,Health and beauty,47.71,6,14.313,300.573,2/16/2019,14:19,Ewallet,286.26,4.761904762,14.313,4.4
669,679-22-6530,B,Mandalay,Normal,Female,Sports and travel,40.62,2,4.062,85.302,1/17/2019,10:01,Credit card,81.24,4.761904762,4.062,4.1
672,576-31-4774,B,Mandalay,Normal,Female,Health and beauty,73.41,3,11.0115,231.2415,3/2/2019,13:10,Ewallet,220.23,4.761904762,11.0115,4.0
674,811-03-8790,A,Yangon,Normal,Female,Electronic accessories,45.48,10,22.74,477.54,3/1/2019,10:22,Credit card,454.8,4.761904762,22.74,4.8
676,752-23-3760,B,Mandalay,Member,Female,Sports and travel,64.08,7,22.428,470.988,2/19/2019,19:29,Credit card,448.56,4.761904762,22.428,7.3
677,274-05-5470,A,Yangon,Member,Female,Food and beverages,73.47,4,14.694,308.574,2/23/2019,18:30,Cash,293.88,4.761904762,14.694,6.0
680,528-87-5606,B,Mandalay,Member,Female,Electronic accessories,39.48,1,1.974,41.454,2/12/2019,19:43,Cash,39.48,4.761904762,1.974,6.5
681,320-85-2052,B,Mandalay,Normal,Female,Sports and travel,34.81,1,1.7405,36.5505,1/14/2019,10:11,Credit card,34.81,4.761904762,1.7405,7.0
682,370-96-0655,C,Naypyitaw,Normal,Female,Fashion accessories,49.32,6,14.796,310.716,1/9/2019,13:46,Ewallet,295.92,4.761904762,14.796,7.1
684,510-79-0415,B,Mandalay,Member,Female,Sports and travel,23.08,6,6.924,145.404,1/24/2019,19:20,Ewallet,138.48,4.761904762,6.924,4.9
685,241-96-5076,B,Mandalay,Member,Female,Home and lifestyle,49.1,2,4.91,103.11,1/8/2019,12:58,Credit card,98.2,4.761904762,4.91,6.4
686,767-97-4650,B,Mandalay,Member,Female,Sports and travel,64.83,2,6.483,136.143,1/8/2019,11:59,Credit card,129.66,4.761904762,6.483,8.0
689,305-03-2383,A,Yangon,Normal,Female,Food and beverages,67.1,3,10.065,211.365,2/15/2019,10:36,Cash,201.3,4.761904762,10.065,7.5
690,394-55-6384,C,Naypyitaw,Member,Female,Sports and travel,70.19,9,31.5855,663.2955,1/25/2019,13:38,Cash,631.71,4.761904762,31.5855,6.7
693,196-01-2849,C,Naypyitaw,Member,Female,Fashion accessories,73.38,7,25.683,539.343,2/10/2019,13:56,Cash,513.66,4.761904762,25.683,9.5
694,372-62-5264,C,Naypyitaw,Normal,Female,Food and beverages,52.6,9,23.67,497.07,1/16/2019,14:42,Cash,473.4,4.761904762,23.67,7.6
695,800-09-8606,A,Yangon,Member,Female,Home and lifestyle,87.37,5,21.8425,458.6925,1/29/2019,19:45,Cash,436.85,4.761904762,21.8425,6.6
696,182-52-7000,A,Yangon,Member,Female,Sports and travel,27.04,4,5.408,113.568,1/1/2019,20:26,Ewallet,108.16,4.761904762,5.408,6.9
700,626-43-7888,C,Naypyitaw,Normal,Female,Fashion accessories,60.41,8,24.164,507.444,2/7/2019,12:23,Ewallet,483.28,4.761904762,24.164,9.6
702,191-29-0321,B,Mandalay,Member,Female,Fashion accessories,19.77,10,9.885,207.585,2/27/2019,18:57,Credit card,197.7,4.761904762,9.885,5.0
704,640-48-5028,B,Mandalay,Member,Female,Home and lifestyle,88.39,9,39.7755,835.2855,3/2/2019,12:40,Cash,795.51,4.761904762,39.7755,6.3
706,834-45-5519,B,Mandalay,Normal,Female,Electronic accessories,43.0,4,8.6,180.6,1/31/2019,20:48,Ewallet,172.0,4.761904762,8.6,7.6
711,728-88-7867,C,Naypyitaw,Member,Female,Home and lifestyle,75.53,4,15.106,317.226,3/19/2019,15:52,Ewallet,302.12,4.761904762,15.106,8.3
712,183-21-3799,C,Naypyitaw,Normal,Female,Electronic accessories,77.63,9,34.9335,733.6035,2/19/2019,15:14,Ewallet,698.67,4.761904762,34.9335,7.2
713,268-20-3585,C,Naypyitaw,Normal,Female,Health and beauty,13.85,9,6.2325,130.8825,2/4/2019,12:50,Ewallet,124.65,4.761904762,6.2325,6.0
715,258-92-7466,A,Yangon,Normal,Female,Health and beauty,35.68,5,8.92,187.32,2/6/2019,18:33,Credit card,178.4,4.761904762,8.92,6.6
716,857-16-3520,A,Yangon,Member,Female,Fashion accessories,71.46,7,25.011,525.231,3/28/2019,16:06,Ewallet,500.22,4.761904762,25.011,4.5
719,821-14-9046,B,Mandalay,Member,Female,Fashion accessories,17.48,6,5.244,110.124,1/18/2019,15:04,Credit card,104.88,4.761904762,5.244,6.1
720,418-05-0656,B,Mandalay,Normal,Female,Fashion accessories,25.56,7,8.946,187.866,2/2/2019,20:42,Cash,178.92,4.761904762,8.946,7.1
721,678-79-0726,C,Naypyitaw,Member,Female,Sports and travel,90.63,9,40.7835,856.4535,1/18/2019,15:28,Cash,815.67,4.761904762,40.7835,5.1
723,592-46-1692,C,Naypyitaw,Member,Female,Food and beverages,36.77,7,12.8695,270.2595,1/11/2019,20:10,Cash,257.39,4.761904762,12.8695,7.4
725,149-14-0304,C,Naypyitaw,Member,Female,Health and beauty,28.5,8,11.4,239.4,2/6/2019,14:24,Cash,228.0,4.761904762,11.4,6.6
729,299-29-0180,B,Mandalay,Member,Female,Home and lifestyle,52.18,7,18.263,383.523,3/9/2019,10:54,Cash,365.26,4.761904762,18.263,9.3
730,247-11-2470,A,Yangon,Member,Female,Fashion accessories,22.32,4,4.464,93.744,3/1/2019,16:23,Credit card,89.28,4.761904762,4.464,4.4
736,386-27-7606,C,Naypyitaw,Member,Female,Home and lifestyle,81.2,7,28.42,596.82,3/23/2019,15:59,Credit card,568.4,4.761904762,28.42,8.1
742,373-14-0504,A,Yangon,Member,Female,Sports and travel,71.63,2,7.163,150.423,2/12/2019,14:33,Ewallet,143.26,4.761904762,7.163,8.8
744,345-68-9016,C,Naypyitaw,Member,Female,Sports and travel,31.67,8,12.668,266.028,1/2/2019,16:19,Credit card,253.36,4.761904762,12.668,5.6
745,390-17-5806,C,Naypyitaw,Member,Female,Food and beverages,38.42,1,1.921,40.341,2/2/2019,16:33,Cash,38.42,4.761904762,1.921,8.6
747,664-14-2882,C,Naypyitaw,Member,Female,Home and lifestyle,10.53,5,2.6325,55.2825,1/30/2019,14:43,Credit card,52.65,4.761904762,2.6325,5.8
748,487-79-6868,B,Mandalay,Member,Female,Home and lifestyle,12.29,9,5.5305,116.1405,3/26/2019,19:28,Credit card,110.61,4.761904762,5.5305,8.0
750,210-30-7976,B,Mandalay,Member,Female,Fashion accessories,22.32,4,4.464,93.744,3/14/2019,11:16,Ewallet,89.28,4.761904762,4.464,4.1
751,585-86-8361,A,Yangon,Normal,Female,Food and beverages,27.28,5,6.82,143.22,2/3/2019,10:31,Credit card,136.4,4.761904762,6.82,8.6
752,807-14-7833,A,Yangon,Member,Female,Electronic accessories,17.42,10,8.71,182.91,2/22/2019,12:30,Ewallet,174.2,4.761904762,8.71,7.0
754,288-38-3758,C,Naypyitaw,Member,Female,Fashion accessories,84.87,3,12.7305,267.3405,1/25/2019,18:30,Ewallet,254.61,4.761904762,12.7305,7.4
755,652-43-6591,A,Yangon,Normal,Female,Fashion accessories,97.29,8,38.916,817.236,3/9/2019,13:18,Credit card,778.32,4.761904762,38.916,6.2
756,785-96-0615,B,Mandalay,Member,Female,Electronic accessories,35.74,8,14.296,300.216,2/17/2019,15:28,Ewallet,285.92,4.761904762,14.296,4.9
757,406-46-7107,A,Yangon,Normal,Female,Home and lifestyle,96.52,6,28.956,608.076,1/11/2019,11:52,Cash,579.12,4.761904762,28.956,4.5
759,156-95-3964,A,Yangon,Normal,Female,Food and beverages,55.39,4,11.078,232.638,3/25/2019,15:19,Ewallet,221.56,4.761904762,11.078,8.0
760,842-40-8179,B,Mandalay,Member,Female,Food and beverages,77.2,10,38.6,810.6,2/11/2019,10:38,Credit card,772.0,4.761904762,38.6,5.6
762,410-67-1709,A,Yangon,Member,Female,Fashion accessories,63.88,8,25.552,536.592,1/20/2019,17:48,Ewallet,511.04,4.761904762,25.552,9.9
763,587-73-4862,A,Yangon,Member,Female,Health and beauty,10.69,5,2.6725,56.1225,3/26/2019,11:07,Ewallet,53.45,4.761904762,2.6725,7.6
765,593-14-4239,B,Mandalay,Normal,Female,Home and lifestyle,95.46,8,38.184,801.864,3/5/2019,19:40,Ewallet,763.68,4.761904762,38.184,4.7
766,801-88-0346,C,Naypyitaw,Normal,Female,Fashion accessories,76.06,3,11.409,239.589,1/5/2019,20:30,Credit card,228.18,4.761904762,11.409,9.8
768,711-31-1234,B,Mandalay,Normal,Female,Electronic accessories,95.64,4,19.128,401.688,3/16/2019,18:51,Cash,382.56,4.761904762,19.128,7.9
769,886-54-6089,A,Yangon,Normal,Female,Home and lifestyle,11.43,6,3.429,72.009,1/15/2019,17:24,Cash,68.58,4.761904762,3.429,7.7
770,707-32-7409,B,Mandalay,Member,Female,Sports and travel,95.54,4,19.108,401.268,2/26/2019,11:58,Ewallet,382.16,4.761904762,19.108,4.5
771,759-98-4285,C,Naypyitaw,Member,Female,Health and beauty,85.87,7,30.0545,631.1445,2/27/2019,19:01,Credit card,601.09,4.761904762,30.0545,8.0
772,201-63-8275,C,Naypyitaw,Member,Female,Sports and travel,67.99,7,23.7965,499.7265,2/17/2019,16:50,Ewallet,475.93,4.761904762,23.7965,5.7
773,471-06-8611,C,Naypyitaw,Normal,Female,Food and beverages,52.42,1,2.621,55.041,2/6/2019,10:22,Credit card,52.42,4.761904762,2.621,6.3
775,120-54-2248,B,Mandalay,Normal,Female,Food and beverages,28.86,5,7.215,151.515,1/22/2019,18:08,Credit card,144.3,4.761904762,7.215,8.0
781,534-53-3526,A,Yangon,Normal,Female,Sports and travel,94.76,4,18.952,397.992,2/11/2019,16:06,Ewallet,379.04,4.761904762,18.952,7.8
782,307-04-2070,A,Yangon,Member,Female,Fashion accessories,30.62,1,1.531,32.151,2/5/2019,14:14,Credit card,30.62,4.761904762,1.531,4.1
783,468-99-7231,C,Naypyitaw,Normal,Female,Home and lifestyle,44.01,8,17.604,369.684,3/3/2019,17:36,Cash,352.08,4.761904762,17.604,8.8
784,516-77-6464,C,Naypyitaw,Member,Female,Health and beauty,10.16,5,2.54,53.34,2/24/2019,13:08,Ewallet,50.8,4.761904762,2.54,4.1
787,790-38-4466,C,Naypyitaw,Normal,Female,Health and beauty,10.99,5,2.7475,57.6975,1/23/2019,10:18,Credit card,54.95,4.761904762,2.7475,9.3
792,744-16-7898,B,Mandalay,Normal,Female,Home and lifestyle,97.37,10,48.685,1022.385,1/15/2019,13:48,Credit card,973.7,4.761904762,48.685,4.9
794,702-72-0487,A,Yangon,Normal,Female,Electronic accessories,46.61,2,4.661,97.881,2/26/2019,12:28,Credit card,93.22,4.761904762,4.661,6.6
796,443-60-9639,C,Naypyitaw,Member,Female,Home and lifestyle,60.87,1,3.0435,63.9135,1/24/2019,13:24,Cash,60.87,4.761904762,3.0435,5.5
797,864-24-7918,A,Yangon,Member,Female,Sports and travel,24.49,10,12.245,257.145,2/22/2019,15:15,Cash,244.9,4.761904762,12.245,8.1
801,324-41-6833,C,Naypyitaw,Member,Female,Electronic accessories,30.2,8,12.08,253.68,3/3/2019,19:30,Ewallet,241.6,4.761904762,12.08,5.1
803,759-29-9521,A,Yangon,Member,Female,Fashion accessories,48.96,9,22.032,462.672,3/4/2019,11:27,Cash,440.64,4.761904762,22.032,8.0
804,831-81-6575,B,Mandalay,Member,Female,Electronic accessories,75.59,9,34.0155,714.3255,2/23/2019,11:12,Cash,680.31,4.761904762,34.0155,8.0
805,220-68-6701,A,Yangon,Normal,Female,Home and lifestyle,77.47,4,15.494,325.374,3/17/2019,16:36,Cash,309.88,4.761904762,15.494,4.2
806,618-34-8551,A,Yangon,Normal,Female,Sports and travel,93.18,2,9.318,195.678,1/16/2019,18:41,Credit card,186.36,4.761904762,9.318,8.5
807,257-60-7754,A,Yangon,Normal,Female,Electronic accessories,50.23,4,10.046,210.966,1/8/2019,17:12,Cash,200.92,4.761904762,10.046,9.0
808,559-61-5987,B,Mandalay,Normal,Female,Health and beauty,17.75,1,0.8875,18.6375,1/14/2019,10:38,Cash,17.75,4.761904762,0.8875,8.6
809,189-55-2313,C,Naypyitaw,Normal,Female,Fashion accessories,62.18,10,31.09,652.89,1/31/2019,10:33,Ewallet,621.8,4.761904762,31.09,6.0
811,380-60-5336,A,Yangon,Normal,Female,Electronic accessories,40.26,10,20.13,422.73,2/24/2019,18:06,Credit card,402.6,4.761904762,20.13,5.0
812,815-04-6282,C,Naypyitaw,Member,Female,Sports and travel,64.97,5,16.2425,341.0925,2/8/2019,12:52,Credit card,324.85,4.761904762,16.2425,6.5
814,778-34-2523,A,Yangon,Member,Female,Electronic accessories,48.62,8,19.448,408.408,1/24/2019,10:57,Cash,388.96,4.761904762,19.448,5.0
815,499-27-7781,B,Mandalay,Normal,Female,Food and beverages,53.21,8,21.284,446.964,3/14/2019,16:45,Ewallet,425.68,4.761904762,21.284,5.0
816,477-59-2456,C,Naypyitaw,Normal,Female,Fashion accessories,45.44,7,15.904,333.984,1/23/2019,11:15,Cash,318.08,4.761904762,15.904,9.2
821,186-43-8965,A,Yangon,Member,Female,Home and lifestyle,47.68,2,4.768,100.128,2/24/2019,10:10,Credit card,95.36,4.761904762,4.768,4.1
823,276-75-6884,A,Yangon,Normal,Female,Health and beauty,68.71,3,10.3065,216.4365,3/4/2019,10:05,Cash,206.13,4.761904762,10.3065,8.7
824,109-86-4363,B,Mandalay,Member,Female,Sports and travel,60.08,7,21.028,441.588,2/14/2019,11:36,Credit card,420.56,4.761904762,21.028,4.5
825,569-76-2760,A,Yangon,Member,Female,Sports and travel,22.01,4,4.402,92.442,1/29/2019,18:15,Credit card,88.04,4.761904762,4.402,6.6
826,222-42-0244,B,Mandalay,Member,Female,Health and beauty,72.11,9,32.4495,681.4395,1/28/2019,13:53,Credit card,648.99,4.761904762,32.4495,7.7
829,416-17-9926,A,Yangon,Member,Female,Electronic accessories,74.22,10,37.11,779.31,1/1/2019,14:42,Credit card,742.2,4.761904762,37.11,4.3
832,343-75-9322,B,Mandalay,Member,Female,Sports and travel,11.85,8,4.74,99.54,1/9/2019,16:34,Cash,94.8,4.761904762,4.74,4.1
834,427-45-9297,B,Mandalay,Member,Female,Home and lifestyle,40.73,7,14.2555,299.3655,3/12/2019,11:01,Ewallet,285.11,4.761904762,14.2555,5.4
839,271-77-8740,C,Naypyitaw,Member,Female,Sports and travel,29.22,6,8.766,184.086,1/1/2019,11:40,Ewallet,175.32,4.761904762,8.766,5.0
842,860-73-6466,A,Yangon,Member,Female,Sports and travel,39.47,2,3.947,82.887,3/2/2019,16:16,Credit card,78.94,4.761904762,3.947,5.0
843,549-23-9016,C,Naypyitaw,Member,Female,Food and beverages,14.87,2,1.487,31.227,2/13/2019,18:15,Credit card,29.74,4.761904762,1.487,8.9
847,862-29-5914,C,Naypyitaw,Normal,Female,Sports and travel,22.38,1,1.119,23.499,1/30/2019,17:08,Credit card,22.38,4.761904762,1.119,8.6
848,845-94-6841,C,Naypyitaw,Member,Female,Food and beverages,72.88,9,32.796,688.716,1/8/2019,19:38,Cash,655.92,4.761904762,32.796,4.0
849,125-45-2293,A,Yangon,Normal,Female,Fashion accessories,99.1,6,29.73,624.33,1/19/2019,13:11,Cash,594.6,4.761904762,29.73,4.2
851,409-33-9708,A,Yangon,Normal,Female,Fashion accessories,98.48,2,9.848,206.808,2/19/2019,10:12,Ewallet,196.96,4.761904762,9.848,9.2
853,866-70-2814,B,Mandalay,Normal,Female,Electronic accessories,52.79,10,26.395,554.295,2/25/2019,11:58,Ewallet,527.9,4.761904762,26.395,10.0
854,160-22-2687,A,Yangon,Member,Female,Health and beauty,95.95,5,23.9875,503.7375,1/23/2019,14:21,Ewallet,479.75,4.761904762,23.9875,8.8
855,895-03-6665,B,Mandalay,Normal,Female,Fashion accessories,36.51,9,16.4295,345.0195,2/16/2019,10:52,Cash,328.59,4.761904762,16.4295,4.2
857,748-45-2862,A,Yangon,Member,Female,Home and lifestyle,28.31,4,5.662,118.902,3/7/2019,18:35,Cash,113.24,4.761904762,5.662,8.2
859,316-66-3011,A,Yangon,Member,Female,Food and beverages,47.63,9,21.4335,450.1035,1/23/2019,12:35,Cash,428.67,4.761904762,21.4335,5.0
860,848-95-6252,C,Naypyitaw,Member,Female,Home and lifestyle,86.27,1,4.3135,90.5835,2/20/2019,13:24,Ewallet,86.27,4.761904762,4.3135,7.0
862,152-03-4217,B,Mandalay,Normal,Female,Home and lifestyle,11.28,9,5.076,106.596,3/17/2019,11:55,Credit card,101.52,4.761904762,5.076,4.3
863,533-66-5566,B,Mandalay,Normal,Female,Home and lifestyle,51.07,7,17.8745,375.3645,1/12/2019,11:42,Cash,357.49,4.761904762,17.8745,7.0
864,124-31-1458,A,Yangon,Member,Female,Electronic accessories,79.59,3,11.9385,250.7085,1/8/2019,14:30,Cash,238.77,4.761904762,11.9385,6.6
867,101-81-4070,C,Naypyitaw,Member,Female,Health and beauty,62.82,2,6.282,131.922,1/17/2019,12:36,Ewallet,125.64,4.761904762,6.282,4.9
872,544-55-9589,B,Mandalay,Member,Female,Electronic accessories,21.43,10,10.715,225.015,1/28/2019,11:51,Cash,214.3,4.761904762,10.715,6.2
878,448-61-3783,A,Yangon,Normal,Female,Electronic accessories,90.02,8,36.008,756.168,3/21/2019,16:08,Credit card,720.16,4.761904762,36.008,4.5
879,761-49-0439,B,Mandalay,Member,Female,Electronic accessories,12.1,8,4.84,101.64,1/19/2019,10:17,Ewallet,96.8,4.761904762,4.84,8.6
880,490-95-0021,B,Mandalay,Member,Female,Food and beverages,33.21,10,16.605,348.705,1/8/2019,14:25,Ewallet,332.1,4.761904762,16.605,6.0
881,115-38-7388,C,Naypyitaw,Member,Female,Fashion accessories,10.18,8,4.072,85.512,3/30/2019,12:51,Credit card,81.44,4.761904762,4.072,9.5
883,291-55-6563,A,Yangon,Member,Female,Home and lifestyle,34.42,6,10.326,216.846,3/30/2019,12:45,Ewallet,206.52,4.761904762,10.326,7.5
884,548-48-3156,A,Yangon,Member,Female,Food and beverages,83.34,2,8.334,175.014,3/19/2019,13:37,Cash,166.68,4.761904762,8.334,7.6
887,884-80-6021,A,Yangon,Member,Female,Electronic accessories,73.47,10,36.735,771.435,3/23/2019,13:14,Ewallet,734.7,4.761904762,36.735,9.5
888,137-74-8729,C,Naypyitaw,Normal,Female,Fashion accessories,12.19,8,4.876,102.396,3/13/2019,12:47,Ewallet,97.52,4.761904762,4.876,6.8
890,389-70-2397,C,Naypyitaw,Normal,Female,Health and beauty,83.66,5,20.915,439.215,2/21/2019,10:26,Cash,418.3,4.761904762,20.915,7.2
891,114-35-5271,B,Mandalay,Normal,Female,Electronic accessories,57.91,8,23.164,486.444,2/7/2019,15:06,Cash,463.28,4.761904762,23.164,8.1
892,607-76-6216,C,Naypyitaw,Member,Female,Fashion accessories,92.49,5,23.1225,485.5725,3/2/2019,16:35,Credit card,462.45,4.761904762,23.1225,8.6
897,409-49-6995,C,Naypyitaw,Member,Female,Food and beverages,47.27,6,14.181,297.801,2/5/2019,10:17,Cash,283.62,4.761904762,14.181,8.8
900,377-79-7592,C,Naypyitaw,Member,Female,Electronic accessories,44.84,9,20.178,423.738,1/14/2019,14:00,Credit card,403.56,4.761904762,20.178,7.5
902,595-94-9924,A,Yangon,Member,Female,Health and beauty,27.73,5,6.9325,145.5825,3/26/2019,20:21,Credit card,138.65,4.761904762,6.9325,4.2
904,545-07-8534,C,Naypyitaw,Normal,Female,Health and beauty,58.32,2,5.832,122.472,2/14/2019,12:42,Ewallet,116.64,4.761904762,5.832,6.0
905,118-62-1812,C,Naypyitaw,Member,Female,Home and lifestyle,78.38,4,15.676,329.196,3/24/2019,17:56,Cash,313.52,4.761904762,15.676,7.9
907,851-98-3555,B,Mandalay,Normal,Female,Health and beauty,82.88,5,20.72,435.12,3/24/2019,14:08,Credit card,414.4,4.761904762,20.72,6.6
908,186-71-5196,A,Yangon,Member,Female,Food and beverages,79.54,2,7.954,167.034,3/27/2019,16:30,Ewallet,159.08,4.761904762,7.954,6.2
909,624-01-8356,B,Mandalay,Normal,Female,Home and lifestyle,49.01,10,24.505,514.605,1/27/2019,10:44,Credit card,490.1,4.761904762,24.505,4.2
910,313-66-9943,B,Mandalay,Member,Female,Food and beverages,29.15,3,4.3725,91.8225,3/27/2019,20:29,Credit card,87.45,4.761904762,4.3725,7.3
911,151-27-8496,C,Naypyitaw,Normal,Female,Electronic accessories,56.13,4,11.226,235.746,1/19/2019,11:43,Ewallet,224.52,4.761904762,11.226,8.6
912,453-33-6436,A,Yangon,Normal,Female,Home and lifestyle,93.12,8,37.248,782.208,2/7/2019,10:09,Cash,744.96,4.761904762,37.248,6.8
914,459-45-2396,A,Yangon,Member,Female,Food and beverages,99.6,3,14.94,313.74,2/25/2019,18:45,Cash,298.8,4.761904762,14.94,5.8
915,717-96-4189,C,Naypyitaw,Normal,Female,Electronic accessories,35.49,6,10.647,223.587,2/2/2019,12:40,Cash,212.94,4.761904762,10.647,4.1
917,749-81-8133,A,Yangon,Normal,Female,Fashion accessories,94.67,4,18.934,397.614,3/11/2019,12:04,Cash,378.68,4.761904762,18.934,6.8
919,636-98-3364,B,Mandalay,Member,Female,Electronic accessories,26.26,3,3.939,82.719,3/2/2019,12:36,Ewallet,78.78,4.761904762,3.939,6.3
920,246-55-6923,C,Naypyitaw,Member,Female,Home and lifestyle,35.79,9,16.1055,338.2155,3/10/2019,15:06,Credit card,322.11,4.761904762,16.1055,5.1
921,181-82-6255,B,Mandalay,Normal,Female,Home and lifestyle,16.37,6,4.911,103.131,2/8/2019,10:58,Cash,98.22,4.761904762,4.911,7.0
922,838-02-1821,C,Naypyitaw,Member,Female,Home and lifestyle,12.73,2,1.273,26.733,2/22/2019,12:10,Credit card,25.46,4.761904762,1.273,5.2
923,887-42-0517,C,Naypyitaw,Normal,Female,Sports and travel,83.14,7,29.099,611.079,1/10/2019,10:31,Credit card,581.98,4.761904762,29.099,6.6
924,457-12-0244,C,Naypyitaw,Member,Female,Sports and travel,35.22,6,10.566,221.886,3/14/2019,13:49,Ewallet,211.32,4.761904762,10.566,6.5
925,226-34-0034,B,Mandalay,Normal,Female,Electronic accessories,13.78,4,2.756,57.876,1/10/2019,11:10,Ewallet,55.12,4.761904762,2.756,9.0
927,397-25-8725,A,Yangon,Member,Female,Health and beauty,39.62,9,17.829,374.409,1/13/2019,17:54,Credit card,356.58,4.761904762,17.829,6.8
928,431-66-2305,B,Mandalay,Normal,Female,Electronic accessories,88.25,9,39.7125,833.9625,2/15/2019,20:51,Credit card,794.25,4.761904762,39.7125,7.6
931,756-93-1854,C,Naypyitaw,Member,Female,Fashion accessories,83.35,2,8.335,175.035,2/2/2019,14:05,Credit card,166.7,4.761904762,8.335,9.5
932,243-55-8457,A,Yangon,Normal,Female,Food and beverages,74.44,10,37.22,781.62,2/27/2019,11:40,Ewallet,744.4,4.761904762,37.22,5.1
934,501-61-1753,B,Mandalay,Normal,Female,Home and lifestyle,63.15,6,18.945,397.845,1/3/2019,20:24,Ewallet,378.9,4.761904762,18.945,9.8
936,433-08-7822,C,Naypyitaw,Normal,Female,Health and beauty,78.89,7,27.6115,579.8415,1/5/2019,19:48,Ewallet,552.23,4.761904762,27.6115,7.5
937,361-85-2571,A,Yangon,Normal,Female,Sports and travel,89.48,5,22.37,469.77,3/30/2019,10:18,Cash,447.4,4.761904762,22.37,7.4
938,131-70-8179,A,Yangon,Member,Female,Health and beauty,92.09,3,13.8135,290.0835,2/17/2019,16:27,Cash,276.27,4.761904762,13.8135,4.2
939,500-02-2261,C,Naypyitaw,Normal,Female,Food and beverages,57.29,6,17.187,360.927,3/21/2019,17:04,Ewallet,343.74,4.761904762,17.187,5.9
942,809-69-9497,A,Yangon,Normal,Female,Home and lifestyle,45.68,10,22.84,479.64,1/19/2019,19:30,Ewallet,456.8,4.761904762,22.84,5.7
945,489-82-1237,A,Yangon,Normal,Female,Electronic accessories,93.88,7,32.858,690.018,1/5/2019,11:51,Credit card,657.16,4.761904762,32.858,7.3
949,365-16-4334,B,Mandalay,Normal,Female,Food and beverages,26.43,8,10.572,222.012,2/24/2019,14:26,Ewallet,211.44,4.761904762,10.572,8.9
951,305-89-2768,B,Mandalay,Member,Female,Home and lifestyle,21.9,3,3.285,68.985,1/9/2019,18:43,Ewallet,65.7,4.761904762,3.285,4.7
952,574-80-1489,B,Mandalay,Member,Female,Food and beverages,62.85,4,12.57,263.97,2/25/2019,13:22,Ewallet,251.4,4.761904762,12.57,8.7
953,784-08-0310,C,Naypyitaw,Member,Female,Food and beverages,21.04,4,4.208,88.368,1/13/2019,13:58,Cash,84.16,4.761904762,4.208,7.6
955,846-10-0341,A,Yangon,Normal,Female,Fashion accessories,42.57,7,14.8995,312.8895,1/6/2019,11:51,Cash,297.99,4.761904762,14.8995,6.8
958,867-47-1948,C,Naypyitaw,Normal,Female,Home and lifestyle,15.8,10,7.9,165.9,1/9/2019,12:07,Cash,158.0,4.761904762,7.9,7.8
959,384-59-6655,A,Yangon,Member,Female,Food and beverages,98.66,9,44.397,932.337,2/19/2019,15:07,Cash,887.94,4.761904762,44.397,8.4
962,593-08-5916,A,Yangon,Normal,Female,Fashion accessories,15.5,1,0.775,16.275,3/19/2019,15:23,Credit card,15.5,4.761904762,0.775,7.4
965,172-42-8274,B,Mandalay,Normal,Female,Electronic accessories,38.27,2,3.827,80.367,3/2/2019,18:18,Credit card,76.54,4.761904762,3.827,5.8
966,558-60-5016,A,Yangon,Normal,Female,Home and lifestyle,33.3,9,14.985,314.685,3/4/2019,15:27,Ewallet,299.7,4.761904762,14.985,7.2
968,605-03-2706,A,Yangon,Normal,Female,Health and beauty,15.8,3,2.37,49.77,3/25/2019,18:02,Cash,47.4,4.761904762,2.37,9.5
969,214-30-2776,B,Mandalay,Member,Female,Electronic accessories,34.49,5,8.6225,181.0725,3/11/2019,19:44,Credit card,172.45,4.761904762,8.6225,9.0
970,746-04-1077,B,Mandalay,Member,Female,Food and beverages,84.63,10,42.315,888.615,1/1/2019,11:36,Credit card,846.3,4.761904762,42.315,9.0
976,221-25-5073,A,Yangon,Normal,Female,Food and beverages,74.66,4,14.932,313.572,3/4/2019,10:39,Cash,298.64,4.761904762,14.932,8.5
978,156-20-0370,B,Mandalay,Normal,Female,Electronic accessories,25.45,1,1.2725,26.7225,3/10/2019,18:10,Credit card,25.45,4.761904762,1.2725,5.1
979,151-33-7434,B,Mandalay,Normal,Female,Food and beverages,67.77,1,3.3885,71.1585,2/4/2019,20:43,Credit card,67.77,4.761904762,3.3885,6.5
982,139-32-4183,A,Yangon,Member,Female,Sports and travel,97.48,9,43.866,921.186,3/14/2019,14:19,Ewallet,877.32,4.761904762,43.866,7.4
985,374-38-5555,B,Mandalay,Normal,Female,Fashion accessories,63.71,5,15.9275,334.4775,2/7/2019,19:30,Ewallet,318.55,4.761904762,15.9275,8.5
986,764-44-8999,B,Mandalay,Normal,Female,Health and beauty,14.76,2,1.476,30.996,2/18/2019,14:42,Ewallet,29.52,4.761904762,1.476,4.3
990,886-18-2897,A,Yangon,Normal,Female,Food and beverages,56.56,5,14.14,296.94,3/22/2019,19:06,Credit card,282.8,4.761904762,14.14,4.5
991,602-16-6955,B,Mandalay,Normal,Female,Sports and travel,76.6,10,38.3,804.3,1/24/2019,18:10,Ewallet,766.0,4.761904762,38.3,6.0
994,652-49-6720,C,Naypyitaw,Member,Female,Electronic accessories,60.95,1,3.0475,63.9975,2/18/2019,11:40,Ewallet,60.95,4.761904762,3.0475,5.9
996,303-96-2227,B,Mandalay,Normal,Female,Home and lifestyle,97.38,10,48.69,1022.49,3/2/2019,17:16,Ewallet,973.8,4.761904762,48.69,4.4
999,849-09-3807,A,Yangon,Member,Female,Fashion accessories,88.34,7,30.919,649.299,2/18/2019,13:28,Cash,618.38,4.761904762,30.919,6.6
